,77e6e58c973590b9,(NO)Indefined,6.0.1,Demo,,no,Nexus 4 (aosp_cdrnemu_x86),"

","

",,2017-05-12 21:21,"



"
,896fd89df753d782,(NO)Indefined,7.0,Demo,,no,SM-G935P (hero2qltespr),"

","

",,2017-06-05 23:53,"



"
,354745074022999,(Tele2 LV),4.4.2,Demo,,no,GT-I9301I (s3ve3gxx),"

","

",,2017-06-07 07:20,"



"
,1234567879321,(Android)15152110051,4.1.1,Demo,,no,Full Android on Emulator (full),"

","

",,2017-06-09 03:57,"



"
,21d1aa3e1d60e67,(China Mobile)13727461003,4.4.2,Demo,,no,Nexus 11 (vbox86tp),"

","

",,2017-06-12 02:10,"



"
,0ed207fcbdfd44e,(China Mobile)13752410233,4.4.2,Demo,,no,Nexus 11 (vbox86tp),"

","

",,2017-06-12 02:10,"



"
,6c1bebba3fcfec8,(China Mobile)13772852971,4.4.2,Demo,,no,Nexus 11 (vbox86tp),"

","

",,2017-06-12 02:10,"



"
,76e96b2bb2b9292,(China Mobile)13740343743,4.4.2,Demo,,no,Nexus 11 (vbox86tp),"

","

",,2017-06-12 02:10,"



"
,,,,,,,,"

","

",,2017-06-18 10:34,"



"
,29e6ead39be3fbd0,(NO)Indefined,6.0.1,Demo,,no,Nexus 5X (bullhead),"

","

",,2017-06-30 10:23,"



"
,be03e9e7c8af4e80,(NO)Indefined,6.0.1,Demo,,no,Nexus 5X (bullhead),"

","

",,2017-07-11 12:58,"



"
,356507059351895,(MegaFon RUS)+79269880246,4.3.1,Demo,,no,GT-I8190 (goldenxx),"

","

",,2017-07-16 09:14,"



"
,null,()13337800415,5.1,Demo,,no,GI-I9500_TMMARS (unia_x86),"

","

",,2017-07-22 14:21,"



"
,e52a521a5b373722,(NO)Indefined,6.0.1,Demo,,no,Nexus 5X (bullhead),"

","

",,2017-10-23 13:35,"



"
,619cb845bc947016,(NO)Indefined,6.0.1,Demo,,no,Nexus 5X (bullhead),"

","

",,2017-10-23 17:39,"



"
,542244683048853,(T-Mobile)19078117403,4.3,Demo,,no,AOSP on ARM Emulator (aosp_arm),"

","

",,2017-11-04 23:58,"



"
,bded7c802c9bfcfd,(NO)Indefined,6.0.1,Demo,,no,Nexus 5X (bullhead),"

","

",,2017-11-05 06:37,"



"
,356650068567900,()null,5.1.1,Demo,,no,GT-I9301I (cm_s3ve3g),"

","

",,2017-11-05 09:40,"



"
,f6be0e0db5309b7,(China Mobile)13756887061,4.4.2,Demo,,no,Nexus 11 (vbox86tp),"

","

",,2017-11-07 18:51,"



"
,ae8a4ec6129283d,(China Mobile)13723810309,4.4.2,Demo,,no,Nexus 11 (vbox86tp),"

","

",,2017-11-07 18:51,"



"
,0b83681a84d50d4,(China Mobile)13702557243,4.4.2,Demo,,no,Nexus 11 (vbox86tp),"

","

",,2017-11-07 18:51,"



"
,9a55dbf34a8bdd7,(China Mobile)13745588355,4.4.2,Demo,,no,Nexus 11 (vbox86tp),"

","

",,2017-11-07 18:51,"



"
,19158eea65f13b8,(China Mobile)13792194591,4.4.2,Demo,,no,Nexus 11 (vbox86tp),"

","

",,2017-11-07 18:51,"



"
,def34d737757972,(China Mobile)13787708460,4.4.2,Demo,,no,Nexus 11 (vbox86tp),"

","

",,2017-11-07 18:51,"



"
,e66da7d1c8f7b015,(NO)Indefined,6.0.1,Demo,,no,Nexus 5X (bullhead),"

","

",,2017-12-24 14:08,"



"
,befdd6a3b3a0dc9c,(NO)Indefined,6.0.1,Demo,,no,Nexus 5X (bullhead),"

","

",,2018-02-23 17:37,"



"
,06608745044e88ee,(NO)Indefined,6.0.1,Demo,,no,Nexus 5X (bullhead),"

","

",,2018-02-24 19:47,"



"
,49915faa901f874a,(NO)Indefined,6.0.1,Demo,,no,Nexus 5X (bullhead),"

","

",,2018-02-25 19:26,"



"
,55300b84042689c5,(NO)Indefined,6.0.1,Demo,,no,Nexus 5X (bullhead),"

","

",,2018-02-27 17:45,"



"
,ed7feecb60b13cf2,(NO)Indefined,6.0.1,Demo,,no,Nexus 5X (bullhead),"

","

",,2018-02-28 21:44,"



"
